<?xml version="1.0" encoding="UTF-8"?>
<ti:module xmlns:ti="http://ti.appcelerator.org" xmlns:android="http://schemas.android.com/apk/res/android">
    <!--
        Similar to tiapp.xml, but contains module/platform specific
        configuration in <iphone>, <android>, and <mobileweb> sections
    -->
    <iphone>
    </iphone>
    <android xmlns:android="http://schemas.android.com/apk/res/android">
     <manifest>
           <application>
             <uses-permission android:name="android.permission.INTERNET" />
             <uses-permission android:name="android.permission.ACCESS_NETWORK_STATE" />
             <uses-permission android:name="android.permission.WRITE_EXTERNAL_STORAGE" />
             <uses-sdk android:minSdkVersion="8"
                       android:targetSdkVersion="17" />
             <activity android:name="com.helpshift.HelpshiftActivity"
                       android:configChanges="orientation|screenSize"
                       android:theme="@style/HSThemeLight" />
             <activity android:name="com.helpshift.HSAddIssue"
                       android:theme="@style/HSThemeLight"/>
             <activity android:name="com.helpshift.HSAddProfile"
                       android:theme="@style/HSThemeLight" />
             <activity android:name="com.helpshift.HSMessages"
                       android:theme="@style/HSThemeLight" />
             <activity android:name="com.helpshift.HSQuestionsList"
                       android:theme="@style/HSThemeLight" />
             <activity android:name="com.helpshift.HSQuestion"
                       android:hardwareAccelerated="true"
                       android:configChanges="orientation|screenSize"
                       android:theme="@style/HSThemeLight" />
             <activity android:name="com.helpshift.HSSection"
                       android:hardwareAccelerated="true"
                       android:configChanges="orientation|screenSize"
                       android:theme="@style/HSThemeLight" />
             <activity android:name="com.helpshift.HSInbox"
                       android:hardwareAccelerated="true"
                       android:configChanges="orientation|screenSize"
                       android:theme="@style/HSThemeLight" />
             <activity android:name="com.helpshift.HSFaqs"
                       android:hardwareAccelerated="true"
                       android:configChanges="orientation|screenSize"
                       android:theme="@style/HSThemeLight" />

             <service android:name="com.helpshift.HSService"
                      android:label="Helpshift Service" >
             </service>
             <receiver android:name="com.helpshift.HelpshiftConnReceiver">
               <intent-filter>
                 <action android:name="android.net.conn.CONNECTIVITY_CHANGE"/>
               </intent-filter>
             </receiver>
             <service android:name="com.helpshift.HSRetryService"
                      android:label="Helpshift Retry Service">
             </service>
           </application>
         </manifest>
    </android>
    <mobileweb>
    </mobileweb>
</ti:module>
